frame,time,"$f_{2,-2}$","$f_{2,-1}$","$f_{2,0}$","$f_{2,1}$","$f_{2,2}$",symbol
0.0,0.0,0.20844603595077266,0.2736652548289126,0.36004646114592365,0.2736652548289126,0.20844603595077266,I
200.0,0.028999999999999915,0.11090454160487845,0.14744270813277238,0.2263720845056761,0.14744270813277238,0.11090454160487842,I
400.0,0.05799999999999983,0.08066059303257091,0.1309346719830764,0.16374421696095767,0.13093467198307643,0.08066059303257091,I
600.0,0.08699999999999974,0.06706586378979337,0.1071802077568324,0.15519121265238872,0.1071802077568324,0.06706586378979336,I
800.0,0.11600000000000055,0.03930167631434908,0.06779557262570139,0.13196410170054693,0.0677955726257014,0.03930167631434909,I
1000.0,0.14500000000000046,0.04342900400342507,0.06877585731546895,0.16609111145329475,0.06877585731546895,0.043429004003425066,I
1200.0,0.17400000000000038,0.029897665162775675,0.056624034313175184,0.15954686178764332,0.0566240343131752,0.02989766516277568,I
1400.0,0.2030000000000003,0.03438644524884275,0.054704671357581204,0.11931563276708843,0.054704671357581204,0.03438644524884275,I
1600.0,0.2320000000000002,0.23913280454786656,0.29041112350924875,0.28875450562119837,0.2904111235092487,0.23913280454786645,I
1800.0,0.2610000000000001,0.12621921638488662,0.17322367731436114,0.17860545775022477,0.17322367731436114,0.12621921638488662,I
2000.0,0.29000000000000004,0.02549989410710804,0.02090919827951303,0.09517003561748487,0.020909198279513024,0.02549989410710803,I
2200.0,0.31899999999999995,0.10215305669173977,0.13785562395235537,0.17034230322657035,0.13785562395235537,0.10215305669173977,I
2400.0,0.34799999999999986,0.10422678046540851,0.1259788783855445,0.15020358733696068,0.1259788783855445,0.10422678046540852,I
2600.0,0.3769999999999998,0.06633290086019832,0.10492630193556116,0.13758150257106477,0.10492630193556116,0.06633290086019832,I
2800.0,0.4060000000000006,0.06164056913652489,0.11050403450770523,0.10405655112694925,0.11050403450770521,0.06164056913652492,I
3000.0,0.4350000000000005,0.03174907312493315,0.10265643790571508,0.1035424293542075,0.10265643790571508,0.031749073124933185,I
3200.0,0.4640000000000004,0.015908715965995055,0.023076101334362945,0.09793542985727362,0.023076101334362945,0.015908715965995055,I
3400.0,0.4930000000000003,0.023200715399150255,-0.015064477246595634,0.10478958052816381,-0.015064477246595626,0.023200715399150248,I
3600.0,0.5220000000000002,0.01694545553382883,-0.02804627715098703,0.09204651415671151,-0.028046277150987037,0.01694545553382883,I
3800.0,0.5510000000000002,0.024375448424320864,0.09779749000630478,0.10085772878110602,0.09779749000630476,0.024375448424320885,I
4000.0,0.5800000000000001,0.008422553341800086,-0.029802500161272658,0.05737677318349711,-0.029802500161272658,0.008422553341800086,I
4200.0,0.609,0.029406354718509085,0.07149590143680215,0.08946309205338107,0.07149590143680212,0.029406354718509102,I
4400.0,0.6379999999999999,0.0037182227708661576,-0.018383794620182817,0.031785718952261344,-0.018383794620182813,0.0037182227708661597,I
4600.0,0.6669999999999998,0.01717880881947346,0.06014321786285953,0.07284967295288043,0.060143217862859526,0.017178808819473475,I
4800.0,0.6960000000000006,0.03424370877874789,0.04878235065558759,0.08444943584680364,0.04878235065558756,0.03424370877874791,I
5000.0,0.7250000000000005,0.036506835220992,0.05165384901124788,0.07529960207910798,0.0516538490112479,0.036506835220992004,I
5200.0,0.7540000000000004,0.2307861356315102,0.34247614369812335,0.1757962705794536,0.3424761436981234,0.2307861356315102,I
5400.0,0.7830000000000004,0.059112905454604216,0.04250237246547294,-0.04925242464576235,0.04250237246547294,0.0591129054546042,I
5600.0,0.8120000000000003,0.027286103708233603,0.040321599257815,0.07054553541248659,0.040321599257815,0.027286103708233603,I
5800.0,0.8410000000000002,0.003987104816920154,-0.009731505940926788,-0.005130287263083835,-0.009731505940926793,0.003987104816920156,I
6000.0,0.8700000000000001,0.012752184204253001,-0.024464988619454613,0.04148903496601481,-0.024464988619454613,0.012752184204253007,I
6200.0,0.899,0.002549590714649254,-0.026705763045447053,0.060190544050500366,-0.026705763045447046,0.002549590714649261,I
6400.0,0.9279999999999999,0.011143150244524839,-0.04051308379579346,0.008872229211611527,-0.04051308379579346,0.011143150244524846,I
6600.0,0.9569999999999999,0.010732711389654032,-0.008601723897717425,0.028144472553817683,-0.00860172389771743,0.010732711389654039,I
6800.0,0.9859999999999998,0.024885737779164543,0.0019565943211238557,0.014187691548043847,0.001956594321123842,0.024885737779164547,I
7000.0,1.0150000000000006,0.014752348539569641,-0.004583300351052703,0.015722479819270756,-0.004583300351052703,0.014752348539569643,I
7200.0,1.0440000000000005,0.011217661205639792,-0.0003966639386735971,0.032801966116886926,-0.00039666393867360646,0.011217661205639787,I
7400.0,1.0730000000000004,0.042639733657246694,0.03526273631449301,0.05936459951191912,0.03526273631449299,0.042639733657246694,I
7600.0,1.1020000000000003,0.0440449003433913,0.029229925571606925,0.06974775272508676,0.029229925571606925,0.0440449003433913,I
7800.0,1.1310000000000002,0.04345297810819841,0.02124943757367809,0.0524672407717598,0.021249437573678073,0.04345297810819842,I
8000.0,1.1600000000000001,0.044466654460881286,0.02257701187661446,0.05226816622885035,0.02257701187661446,0.044466654460881286,I
8200.0,1.189,0.028621197135626164,0.021654173541506273,0.06157759275908188,0.02165417354150625,0.028621197135626164,I
8400.0,1.218,0.02313467143878638,0.019384696074361985,0.052869611570205366,0.01938469607436198,0.02313467143878639,I
8600.0,1.2469999999999999,0.02314524334072581,0.025859034322428445,0.03302883718261223,0.025859034322428455,0.023145243340725825,I
8800.0,1.2759999999999998,0.019501983284784495,0.026492769417970526,0.04431329977576264,0.02649276941797053,0.019501983284784506,I
9000.0,1.3049999999999997,0.0036662669787232032,0.03446914560977189,0.02908266948986925,0.03446914560977191,0.0036662669787232076,I
9200.0,1.3340000000000005,0.0011154716414457544,0.04456151402907234,0.024136249996492352,0.04456151402907232,0.0011154716414457496,I
9400.0,1.3630000000000004,0.009993220528109095,0.0403109089332235,0.022133579701854957,0.0403109089332235,0.00999322052810909,I
9600.0,1.3920000000000003,0.003117837218302428,0.04099127238983003,0.015392647850013732,0.040991272389830004,0.003117837218302428,I
9800.0,1.4210000000000003,0.015363828826215249,-0.01824113353214987,-0.01751263001904094,-0.01824113353214985,0.015363828826215257,I
10000.0,1.4500000000000002,-0.0022370663003299426,0.03860866173345136,0.0139234495043529,0.038608661733451344,-0.002237066300329962,I
10200.0,1.479,-0.0066916004222567285,0.04359816668983862,0.029286682541713786,0.043598166689838604,-0.006691600422256709,I
10400.0,1.508,-0.014788361524444099,0.03731947472319961,0.032177852840227034,0.03731947472319962,-0.014788361524444089,I
10600.0,1.537,-0.010609064491102849,0.03803769309927151,0.04809341122728496,0.03803769309927151,-0.01060906449110284,I
10800.0,1.5659999999999998,-0.01802258997164702,0.04554680260479729,0.05531762803846041,0.045546802604797265,-0.018022589971647015,I
11000.0,1.5949999999999998,-0.02077345132208224,0.0365079668003651,0.06558419024979682,0.0365079668003651,-0.020773451322082248,I
11200.0,1.6240000000000006,-0.029334687307251264,0.033662898700046046,0.05646152260743394,0.03366289870004604,-0.02933468730725126,I
11400.0,1.6530000000000005,-0.023226701145357166,0.028338731641355874,0.0421805550046147,0.02833873164135586,-0.023226701145357177,I
11600.0,1.6820000000000004,-0.01690485225572447,0.027300855201677677,0.024349512768578777,0.027300855201677677,-0.016904852255724474,I
11800.0,1.7110000000000003,-0.02012838540742197,0.026132979266868583,0.026520016903445423,0.02613297926686855,-0.02012838540742197,I
12000.0,1.7400000000000002,-0.023924968015901955,0.012349200543453323,0.020422084057356328,0.012349200543453323,-0.02392496801590196,I
12200.0,1.7690000000000001,-0.031559670480566286,0.01576030149292474,0.02068181364903208,0.01576030149292473,-0.03155967048056627,I
12400.0,1.798,-0.036239027109635336,0.014228888542807275,0.035247205757250384,0.014228888542807265,-0.036239027109635336,I
12600.0,1.827,-0.035983115595094706,-0.0031425454495485478,0.02666614848950425,-0.003142545449548574,-0.03598311559509471,I
12800.0,1.8559999999999999,-0.03907647508141223,0.0034605480414511176,0.03348444447451226,0.0034605480414511194,-0.03907647508141223,I
13000.0,1.8849999999999998,-0.03886006440729361,0.005961541875278115,0.027111288016061896,0.005961541875278092,-0.03886006440729362,I
13200.0,1.9139999999999997,-0.039237566116764155,0.013097635671600886,0.030947717821240926,0.013097635671600891,-0.039237566116764176,I
13400.0,1.9429999999999996,-0.04227187595110089,0.009664041923221164,0.022462226337753587,0.009664041923221185,-0.04227187595110092,I
13600.0,1.9719999999999995,-0.04062841884934355,0.0065014267390883325,0.03099600975552492,0.006501426739088322,-0.040628418849343546,I
13800.0,2.0009999999999994,-0.04043169330468248,0.001145664874073988,0.035691426032289635,0.0011456648740739762,-0.040431693304682485,I
14000.0,2.0299999999999994,-0.0356748224480124,0.002960980657002401,0.028297106481140442,0.002960980657002398,-0.035674822448012414,I
14200.0,2.059000000000001,-0.027538831967493543,0.0037876446063659116,0.020762924772898057,0.003787644606365903,-0.02753883196749356,I
14400.0,2.088000000000001,-0.023249253970263475,0.007034903345485146,0.024355741870777804,0.007034903345485141,-0.02324925397026348,I
14600.0,2.117000000000001,-0.021802449833713856,0.009100605802574015,0.024668539999637848,0.00910060580257401,-0.02180244983371387,I
14800.0,2.146000000000001,-0.014433741212855835,0.019251053165491295,0.022544567727326558,0.019251053165491295,-0.014433741212855844,I
15000.0,2.1750000000000007,0.02340491802493445,0.15050922267469338,0.01261508651050262,0.15050922267469338,0.023404918024934464,I
15200.0,2.2040000000000006,-0.019521122994531872,0.02679623892777711,0.002279942335230239,0.026796238927777116,-0.01952112299453188,I
15400.0,2.2330000000000005,0.010721592090024993,-0.012113684041407724,-0.053426686727016635,-0.012113684041407724,0.010721592090025022,I
15600.0,2.2620000000000005,-0.02249892393274652,0.011354608848729304,0.01171424060872254,0.011354608848729294,-0.02249892393274652,I
15800.0,2.2910000000000004,-0.026525103415616192,0.0169149046772864,-0.018609871660908685,0.01691490467728639,-0.026525103415616192,I
16000.0,2.3200000000000003,-0.02377392278500278,0.02170710583426572,-0.016100529712854337,0.021707105834265713,-0.02377392278500279,I
16200.0,2.349,-0.03246257142534832,0.016792293071779065,-0.01700036237975866,0.01679229307177905,-0.03246257142534832,I
16400.0,2.378,-0.033298761666968414,0.02241073830440522,-0.02054610159272905,0.022410738304405216,-0.033298761666968414,I
16600.0,2.407,-0.033967089047108205,0.028653404101524126,-0.016631384249223207,0.028653404101524137,-0.033967089047108205,I
16800.0,2.436,-0.019408169428010137,0.039104648320024464,0.05884699544073629,0.03910464832002449,-0.019408169428010123,I
17000.0,2.465,-0.035139260784101484,0.020134362244247278,-0.007453744331375375,0.020134362244247264,-0.0351392607841015,I
17200.0,2.4939999999999998,-0.02397562689561026,0.031070831267382658,-0.0045883443594410414,0.03107083126738265,-0.023975626895610263,I
17400.0,2.5229999999999997,-0.033014698794881885,0.021257850349445637,-0.010422328326510499,0.021257850349445627,-0.033014698794881885,I
17600.0,2.5519999999999996,-0.014493647351849647,0.021152476293027703,-0.006139458207465371,0.0211524762930277,-0.014493647351849652,I
17800.0,2.5809999999999995,-0.006226322392170505,0.024058123673545345,-0.00044686050548985374,0.024058123673545345,-0.006226322392170514,I
18000.0,2.6099999999999994,-0.008779709614642209,0.014682534286928967,-0.016202483659973756,0.014682534286928955,-0.008779709614642217,I
18200.0,2.6389999999999993,0.002337430179928134,0.0152948597333572,-0.019868590483035145,0.015294859733357181,0.0023374301799281333,I
18400.0,2.668000000000001,0.006548149706293144,0.007204965961322877,-0.020168239193432844,0.0072049659613228735,0.006548149706293138,I
18600.0,2.697000000000001,0.00960895307668902,0.014273370932280984,-0.012631412421616342,0.01427337093228097,0.009608953076689018,I
18800.0,2.726000000000001,0.013131160136895312,-0.026833220985988077,-0.028320383029374983,-0.02683322098598805,0.013131160136895335,I
19000.0,2.755000000000001,0.0204705701193001,0.00620371023650087,-0.012520467743623014,0.006203710236500851,0.020470570119300105,I
19200.0,2.7840000000000007,0.010720471714766379,-0.02177233826725871,-0.007464294027838267,-0.021772338267258707,0.010720471714766385,I
19400.0,2.8130000000000006,0.0025061388677722687,-0.01567474168115641,0.008374404564392578,-0.015674741681156394,0.0025061388677722735,I
19600.0,2.8420000000000005,-0.006338382649784422,-0.014145456817620269,-0.007518968843539616,-0.014145456817620264,-0.0063383826497844286,I
19800.0,2.8710000000000004,-0.0016379632109587107,-0.004349855949521158,-0.013554935112406347,-0.004349855949521162,-0.0016379632109587215,I
20000.0,2.9000000000000004,0.006172686138182395,-0.0005261160895221925,-0.03505145503483539,-0.0005261160895221797,0.006172686138182389,I
20200.0,2.9290000000000003,0.01735966204704167,0.017361185971045582,-0.0013487694090667884,0.01736118597104558,0.017359662047041664,I
20400.0,2.958,0.01880126529985414,0.030808495434620834,0.014863113270959615,0.030808495434620827,0.01880126529985412,I
20600.0,2.987,0.0245903840040833,0.01904810762404373,0.0036248064916530954,0.01904810762404373,0.0245903840040833,I
20800.0,3.016,0.0073936763498343725,-0.02839858290112475,-0.034434823390825584,-0.02839858290112475,0.007393676349834371,I
21000.0,3.045,0.01980582655856384,0.017681887416683383,0.01117820013431552,0.017681887416683365,0.01980582655856383,I
21200.0,3.074,0.008796949707166091,-0.014434465444460268,-0.004821003043555769,-0.014434465444460249,0.008796949707166091,I
21400.0,3.1029999999999998,0.005913888316257576,-0.015510551840545008,-0.0200776123003696,-0.015510551840544996,0.005913888316257583,I
21600.0,3.1319999999999997,-0.013058957334728265,-0.009488360167781155,-0.02599150776393036,-0.009488360167781155,-0.013058957334728264,I
21800.0,3.1609999999999996,0.017151848244318535,0.026743729992937542,0.01839343739943573,0.026743729992937535,0.017151848244318528,I
22000.0,3.1899999999999995,-0.00952744371417387,-0.005497051066706539,-0.03565217800874884,-0.005497051066706547,-0.009527443714173859,I
22200.0,3.2189999999999994,0.4551234670481251,0.27889122826215007,0.09095633068620751,0.27889122826215007,0.4551234670481251,I
22400.0,3.2479999999999993,0.01820369955917346,0.03607409818464202,0.019415442168433467,0.036074098184642016,0.018203699559173468,I
22600.0,3.277000000000001,0.028695267984280258,0.033820982770734476,0.017929954110515105,0.03382098277073445,0.02869526798428026,I
22800.0,3.306000000000001,0.028088093618477295,0.0372848344457818,0.024639306959902903,0.0372848344457818,0.02808809361847731,I
23000.0,3.335000000000001,0.018139036479605075,0.03037158776484138,0.027326465669136952,0.030371587764841355,0.018139036479605075,I
23200.0,3.3640000000000008,0.01564375991945852,0.02819608878224115,0.010783221897423794,0.028196088782241124,0.015643759919458523,I
23400.0,3.3930000000000007,0.02656675232624073,0.026660334408058234,0.015597381790422799,0.026660334408058216,0.026566752326240742,I
23600.0,3.4220000000000006,-0.06587454280876735,0.0781127463141051,-0.021099378215853948,0.0781127463141051,-0.06587454280876737,I
23800.0,3.4510000000000005,0.016336140162293043,0.026518108305775088,0.02030589397719127,0.026518108305775074,0.016336140162293046,I
24000.0,3.4800000000000004,0.012958037718339676,0.03861492146294936,0.0184250161513573,0.038614921462949335,0.012958037718339685,I
24200.0,3.5090000000000003,0.021159952184812272,0.039041565779033414,-0.009975323422304803,0.0390415657790334,0.021159952184812276,I
24400.0,3.5380000000000003,-0.006914286769307247,-0.006581353576469961,-0.034792168921165,-0.006581353576469979,-0.006914286769307256,I
24600.0,3.567,0.003912097154570854,0.007397632991683918,-0.006579576315009825,0.007397632991683907,0.003912097154570847,I
24800.0,3.596,0.0017640858188171997,0.004642161572342693,-0.0023668846458782576,0.004642161572342694,0.0017640858188172031,I
25000.0,3.625,0.00731011715901213,0.022061828410902103,-0.031323701190845196,0.02206182841090209,0.00731011715901213,I
25200.0,3.654,0.019483061628941832,0.04308167324957468,-0.009215816742037424,0.043081673249574674,0.019483061628941825,I
25400.0,3.683,-0.0574286525138432,0.03956678314630591,0.027119577193278937,0.03956678314630594,-0.0574286525138432,I
25600.0,3.7119999999999997,0.014994723744428872,0.039065012783887625,-0.013529828742209902,0.039065012783887604,0.014994723744428874,I
25800.0,3.7409999999999997,0.022305338491048418,0.03603185723982728,-0.013543140296088817,0.03603185723982725,0.022305338491048425,I
26000.0,3.7699999999999996,-0.05272616474385341,0.04443559179294766,0.016038497966301312,0.04443559179294763,-0.05272616474385341,I
26200.0,3.7989999999999995,0.022114759464500523,0.03179792482626089,-0.0039311237936808545,0.031797924826260884,0.02211475946450054,I
26400.0,3.8279999999999994,0.02785812876925553,0.02933536429609445,0.004725528258601598,0.029335364296094447,0.02785812876925554,I
26600.0,3.8569999999999993,0.03275488525868635,0.023203678869353463,-0.034561555907681715,0.02320367886935346,0.03275488525868634,I
26800.0,3.886000000000001,0.03630888076645335,0.03430601730999912,0.012909878557718244,0.03430601730999912,0.03630888076645335,I
27000.0,3.915000000000001,0.032797957945964,0.028819066303677626,0.01424231320586784,0.028819066303677626,0.032797957945964,I
27200.0,3.944000000000001,0.04190878845753519,0.028260167007556427,0.03218643427174678,0.028260167007556437,0.0419087884575352,I
27400.0,3.9730000000000008,0.036770605831157904,0.02584956713860292,0.020944391457440124,0.025849567138602935,0.036770605831157904,I
27600.0,4.002000000000001,0.0014973856478776226,-0.0086593453033262,-0.007516583711620275,-0.0086593453033262,0.0014973856478776176,I
27800.0,4.031000000000001,0.03083476489459707,0.022788165195276714,0.01960772350704853,0.022788165195276718,0.030834764894597085,I
28000.0,4.0600000000000005,0.035659619850647147,0.018968543781003957,0.008662054222628498,0.018968543781003964,0.035659619850647147,I
28200.0,4.089,0.02148468673056521,0.011921005327875126,0.014157497854844063,0.011921005327875132,0.021484686730565215,I
28400.0,4.118,0.02239392328331395,0.0158480317931282,-0.0032067020011536766,0.015848031793128214,0.022393923283313952,I
28600.0,4.147,0.018217309510173852,0.013163599265043322,-0.008149809478662496,0.01316359926504331,0.01821730951017387,I
28800.0,4.176,0.0028660669990735323,0.008205709434180532,-0.0023182221295741517,0.008205709434180555,0.0028660669990735296,I
29000.0,4.205,0.005883379801931078,0.009242078729605994,0.00034267329860858533,0.009242078729605984,0.005883379801931084,I
29200.0,4.234,0.003065264934977817,-0.0016411710813466103,-0.02409195018426938,-0.0016411710813466031,0.003065264934977821,I
29400.0,4.263,-0.0008231600408301092,-0.01363101559052535,-0.013239502651991813,-0.013631015590525342,-0.0008231600408301008,I
29600.0,4.292,-0.0014182552217727915,-0.010828656389702719,-0.014283501079528874,-0.010828656389702724,-0.001418255221772789,I
29800.0,4.321,-0.004398836736669825,0.03115153787970895,0.0333176650197521,0.031151537879708948,-0.004398836736669805,I
30000.0,4.35,0.003135278185900025,-0.0029582275057630203,-0.01251612494546323,-0.002958227505763029,0.003135278185900029,I
30200.0,4.379,-0.07132697164900001,0.02942271288865002,-0.008016023904,0.02942271288865002,-0.07132697164900001,I
30400.0,4.4079999999999995,0.010353604034808384,0.0035824252607503456,-0.02259616074785105,0.0035824252607503356,0.01035360403480838,I
30600.0,4.436999999999999,0.01506793691776098,0.009664282585024376,-0.00544846458904416,0.009664282585024365,0.015067936917760974,I
30800.0,4.465999999999999,0.01408852453822583,-0.0036319929319798172,-0.01617579441969201,-0.0036319929319798185,0.014088524538225834,I
31000.0,4.495000000000001,0.006958682820784478,0.0017098062646335403,-0.016228020448107817,0.0017098062646335366,0.006958682820784485,I
31200.0,4.524000000000001,0.007417379232463553,0.006853601183800265,-0.0075999969137057885,0.006853601183800262,0.007417379232463543,I
31400.0,4.553000000000001,0.036996417370515663,-0.012846952669667256,-0.010886736668478942,-0.012846952669667249,0.036996417370515663,I
31600.0,4.582000000000001,0.006036305848419268,0.001511377057059924,-0.00826553776271403,0.0015113770570599155,0.0060363058484192555,I
31800.0,4.611000000000001,0.00499153547243556,0.013222522768931535,-0.008702698742402105,0.013222522768931521,0.004991535472435558,I
32000.0,4.640000000000001,0.0016455929265074235,0.023159759866831917,-0.02153975185372044,0.023159759866831917,0.0016455929265074185,I
32200.0,4.6690000000000005,-0.0048096720755448,0.01926096047190622,-0.014796894181417684,0.019260960471906216,-0.004809672075544807,I
32400.0,4.698,-0.0012317314316522684,0.027400184761764066,-0.02748625010536014,0.027400184761764066,-0.001231731431652278,I
32600.0,4.727,0.06388321416280011,-0.008625225990611034,0.00869726906749735,-0.008625225990611031,0.06388321416280013,I
32800.0,4.756,-0.008391723130147953,0.02422096334955678,-0.04040919611408802,0.02422096334955678,-0.008391723130147974,I
33000.0,4.785,-0.015663395760388183,0.02419051439457103,-0.04068787817858102,0.024190514394571042,-0.015663395760388173,I
33200.0,4.814,-0.00805847879298877,0.02555237855054894,-0.04212669539355732,0.025552378550548944,-0.008058478792988778,I
33400.0,4.843,-0.011744197359227755,0.030123183309988207,-0.03770711467699222,0.030123183309988213,-0.01174419735922776,I
33600.0,4.872,-0.01728395932084833,0.0315727734097874,-0.036714580764819676,0.0315727734097874,-0.017283959320848336,I
33800.0,4.901,-0.014110801968833185,0.026121958131740928,-0.023539619832764112,0.026121958131740928,-0.014110801968833199,I
34000.0,4.93,-0.015757952182480158,0.028850229166376813,-0.02964791185501873,0.028850229166376827,-0.01575795218248017,I
34200.0,4.959,-0.016988868592238724,0.011929297139505806,-0.01859276034520263,0.011929297139505805,-0.016988868592238738,I
34400.0,4.9879999999999995,-0.011641143475768561,0.006446530007955225,-0.0302853722938963,0.006446530007955232,-0.011641143475768568,I
34600.0,5.0169999999999995,-0.012523543632442166,0.0006696684032791986,-0.03855921009308396,0.0006696684032792026,-0.012523543632442166,I
34800.0,5.045999999999999,0.04302725825091868,0.0029349081643586907,0.014152080507244732,0.0029349081643587085,0.04302725825091867,I
35000.0,5.074999999999999,-0.006883128929770978,0.00854835921773805,-0.029440559157506017,0.008548359217738066,-0.006883128929770987,I
35200.0,5.104000000000001,-0.01313162862209431,0.004612080765912646,-0.025161695195215265,0.004612080765912656,-0.013131628622094318,I
35400.0,5.133000000000001,-0.011602117288892615,0.004018963326109582,-0.03816843240301458,0.004018963326109579,-0.011602117288892615,I
35600.0,5.162000000000001,-0.009219456999086145,-0.0037383305678282725,-0.03908690387538499,-0.003738330567828276,-0.009219456999086157,I
35800.0,5.191000000000001,-0.018385898069437138,-0.015148179319631853,-0.03608195835874481,-0.015148179319631846,-0.018385898069437145,I
36000.0,5.220000000000001,0.003658778310798668,-0.005900199140994713,-0.02779920739932946,-0.0059001991409947125,0.003658778310798663,I
36200.0,5.2490000000000006,0.0009267426524120903,0.023286245025734745,-0.005246754134621059,0.023286245025734773,0.0009267426524121,I
36400.0,5.2780000000000005,-0.018170186353816096,-0.008246793808784828,-0.03916049511656738,-0.00824679380878482,-0.0181701863538161,I
36600.0,5.307,-0.01460211977733272,-0.005309932472162841,-0.039982733846861615,-0.005309932472162837,-0.014602119777332716,I
36800.0,5.336,-0.015065339519527762,0.003409002991989487,-0.03974839966824807,0.0034090029919894987,-0.015065339519527762,I
37000.0,5.365,-0.007767176278934207,-0.013742292985145232,0.020392355313844732,-0.013742292985145262,-0.007767176278934212,I
37200.0,5.394,-0.012175258483521067,0.016568365808075795,-0.008965035201498944,0.01656836580807581,-0.012175258483521063,I
37400.0,5.423,-0.0178754490561265,0.0008720692038594384,-0.035578338161464225,0.0008720692038594422,-0.0178754490561265,I
37600.0,5.452,0.0028396459140342164,0.012008044372568449,-0.009392738990755252,0.012008044372568402,0.002839645914034201,I
37800.0,5.481,-0.014059385665282297,0.004457773171790534,-0.03375634417819258,0.004457773171790541,-0.014059385665282306,I
38000.0,5.51,-0.008435860619669448,0.004001588537888518,-0.03151658956133096,0.004001588537888514,-0.008435860619669461,I
38200.0,5.539,-0.012051117769273777,0.0036717166163081566,-0.019001594284262003,0.0036717166163081627,-0.012051117769273784,I
38400.0,5.568,-0.0059987850152705136,0.009508726305078059,-0.020192873075192394,0.00950872630507806,-0.005998785015270521,I
38600.0,5.5969999999999995,-0.002845957742450186,0.010578605711963498,-0.02671297580599396,0.010578605711963505,-0.0028459577424501995,I
38800.0,5.6259999999999994,-0.0010382248407480922,0.017242649288924033,-0.01922386628405687,0.017242649288924026,-0.0010382248407480982,I
39000.0,5.654999999999999,0.0025121958782546934,0.016689675564816046,-0.01848745194465713,0.016689675564816046,0.0025121958782546834,I
39200.0,5.683999999999999,0.027185100467139522,0.02035852730418064,-0.03720959198207825,0.020358527304180647,0.027185100467139522,I
39400.0,5.713000000000001,0.02272190510061712,0.02669660591843705,-0.021288223248706908,0.02669660591843706,0.02272190510061712,I
39600.0,5.742000000000001,0.01878003858314924,0.025160117852065254,-0.012034605632216158,0.025160117852065265,0.018780038583149236,I
39800.0,5.771000000000001,0.007752924569616207,0.021928418164588268,-0.02510771323161342,0.021928418164588268,0.007752924569616209,I
40000.0,5.800000000000001,0.02088585784835315,0.02522919079212416,-0.013918550549265399,0.02522919079212416,0.020885857848353152,I
40200.0,5.829000000000001,0.003309799196948967,0.021608924433152946,-0.026716551517055005,0.021608924433152953,0.0033097991969489654,I
40400.0,5.8580000000000005,0.0031542543229739935,0.029410975929458797,-0.023042250445631816,0.02941097592945881,0.0031542543229739844,I
40600.0,5.8870000000000005,0.003648837297124959,0.025377765091413474,-0.0380444707076237,0.025377765091413474,0.0036488372971249516,I
40800.0,5.916,-0.0010045346013883383,0.030660824262796968,-0.03767200772482228,0.03066082426279696,-0.0010045346013883346,I
41000.0,5.945,-0.0002943414218072354,0.03470066562373842,-0.04626492680387356,0.03470066562373843,-0.00029434142180723177,I
41200.0,5.974,0.00711574447031254,0.024017951310742802,-0.046377765262653865,0.024017951310742806,0.007115744470312549,I
41400.0,6.003,0.002186874791015403,0.03149781871093249,-0.0464944649494876,0.03149781871093249,0.002186874791015409,I
41600.0,6.032,-0.0023002341347206708,0.02695707835277203,-0.044194366194132785,0.02695707835277203,-0.002300234134720672,I
41800.0,6.061,0.002572118307277944,0.026833131451592124,-0.04389072152634814,0.02683313145159213,0.002572118307277945,I
42000.0,6.09,0.0018557507633735096,0.02844659129414664,-0.04151914176545266,0.028446591294146638,0.0018557507633735152,I
42200.0,6.119,0.003937433217843744,0.02567895138248283,-0.04870134748376614,0.02567895138248283,0.003937433217843744,I
42400.0,6.148,0.0057389688224245405,0.02556904389193352,-0.04536606278737961,0.025569043891933537,0.005738968822424545,I
42600.0,6.177,-0.0002464763336940357,0.02319825615376959,-0.051344251356573105,0.023198256153769598,-0.0002464763336940321,I
42800.0,6.2059999999999995,0.005468327747136273,0.026159561076029934,-0.04609995053891018,0.026159561076029927,0.005468327747136272,I
43000.0,6.234999999999999,0.006410954433142636,0.02377588314622779,-0.04972315269006455,0.02377588314622779,0.006410954433142641,I
43200.0,6.263999999999999,0.011038226716664724,0.018334161048889727,-0.04307393496300025,0.01833416104888973,0.011038226716664728,I
43400.0,6.292999999999999,0.018673688218659168,0.011773932964958152,-0.04859917190536698,0.011773932964958152,0.018673688218659175,I
43600.0,6.322000000000001,0.013987443157886331,0.006265734723748421,-0.050891057699299476,0.006265734723748426,0.013987443157886338,I
43800.0,6.351000000000001,0.015800318757534584,0.0034212649353947866,-0.038994355696844916,0.0034212649353948035,0.01580031875753459,I
44000.0,6.380000000000001,0.01711825047786652,0.008959771094443129,-0.036955445820545586,0.008959771094443124,0.01711825047786654,I
44200.0,6.409000000000001,0.016942035812694742,0.0095760373588817,-0.036315854218988836,0.009576037358881705,0.016942035812694756,I
44400.0,6.438000000000001,0.01973395030562698,0.0021901063360491007,-0.028615793547074095,0.002190106336049098,0.019733950305626993,I
44600.0,6.4670000000000005,0.01119819399147689,0.0009052483359183667,-0.02528143037216114,0.0009052483359183788,0.011198193991476908,I
44800.0,6.496,0.010299703521855354,-0.0014091805149782425,-0.014994701653622771,-0.0014091805149782353,0.010299703521855377,I
45000.0,6.525,0.015129197212297723,-0.0008993590222210112,-0.011480367481160055,-0.0008993590222210017,0.015129197212297735,I
45200.0,6.554,0.00912686800351717,-0.0035444154160444805,-0.0036480523159356255,-0.0035444154160444662,0.009126868003517186,I
45400.0,6.583,0.0062888661647798475,-0.0009328967200122669,-0.009301664650994869,-0.0009328967200122549,0.006288866164779862,I
45600.0,6.612,0.004676447881339234,-0.005130467939666875,-0.006452410541761656,-0.005130467939666865,0.004676447881339251,I
45800.0,6.641,0.00896556900933743,-0.01401158275911435,-0.0062817135595298924,-0.014011582759114344,0.008965569009337456,I
46000.0,6.67,-0.00066909866985526,0.0018597917824736859,0.0023937977507447407,0.0018597917824736809,-0.0006690986698552736,I
46200.0,6.699,0.006818102495498951,-0.010935392631091867,-0.003587265731338811,-0.010935392631091867,0.006818102495498962,I
46400.0,6.728,0.007838288665516842,-0.009352177580408884,-0.01528242717196536,-0.009352177580408887,0.007838288665516863,I
46600.0,6.757,0.01322936869691226,-0.005542169006056641,-0.012911798469321726,-0.005542169006056619,0.01322936869691226,I
46800.0,6.786,0.006101760684157495,-0.0026076652044959483,-0.015438354065892883,-0.0026076652044959288,0.006101760684157501,I
47000.0,6.8149999999999995,0.012367590813455051,-0.005906419843303703,-0.014945510931467627,-0.005906419843303684,0.012367590813455068,I
47200.0,6.843999999999999,0.018310031069058614,-0.009007160668092129,-0.02173443818660516,-0.009007160668092113,0.01831003106905862,I
47400.0,6.872999999999999,0.010841202652343422,-0.01354062643548822,-0.013592920757438016,-0.01354062643548821,0.010841202652343436,I
47600.0,6.902000000000001,0.012856002269752169,-0.016534174360307925,-0.01010156884977761,-0.016534174360307918,0.012856002269752184,I
47800.0,6.931000000000001,0.008885958166438819,-0.013522491046485839,-0.007754975979740242,-0.013522491046485823,0.008885958166438836,I
48000.0,6.960000000000001,0.022566501832686804,0.014015772758511158,-0.00650300870248039,0.014015772758511158,0.0225665018326868,I
48200.0,6.989000000000001,0.017183894714696352,0.016678240343491288,-0.01297587494610326,0.016678240343491288,0.017183894714696352,I
48400.0,7.018000000000001,0.027687975419444247,0.01591685470973212,0.007142525588518072,0.015916854709732118,0.02768797541944423,I
48600.0,7.047000000000001,0.024069838351157533,0.031182219779852194,0.013741907281789794,0.031182219779852176,0.02406983835115754,I
48800.0,7.0760000000000005,0.020497116508870386,0.029187091264256927,0.012618261860491335,0.02918709126425692,0.02049711650887039,I
49000.0,7.105,0.02534880710288529,0.008780815865589712,0.006532018412472291,0.0087808158655897,0.025348807102885285,I
49200.0,7.134,0.01612065069654436,0.023051319903066032,-0.0017254652154021183,0.023051319903066022,0.016120650696544364,I
49400.0,7.163,0.015769093389966796,0.00797673971074923,0.0063042965729140305,0.007976739710749225,0.015769093389966796,I
49600.0,7.192,0.003980355927790907,0.00819472649924231,0.017809125924607126,0.008194726499242296,0.003980355927790909,I
49800.0,7.221,9.206763726415703e-06,-0.0037050953452026736,0.02443780357865692,-0.003705095345202685,9.206763726411032e-06,I
50000.0,7.25,0.011052254835500468,-0.009325937447871817,-0.008146821060587565,-0.00932593744787181,0.011052254835500482,I
50200.0,7.279,0.012683253820827935,-0.006664849235133722,0.0029354933928976024,-0.006664849235133711,0.01268325382082794,I
50400.0,7.308,0.0063971803049182804,-0.009256069037781523,0.0021242986751502176,-0.009256069037781521,0.006397180304918288,I
50600.0,7.337,0.006576975064858639,-0.008312011737159675,0.007852685747200987,-0.008312011737159675,0.006576975064858643,I
50800.0,7.366,0.0038913899099144935,-0.008964009861579515,0.004881396271406819,-0.008964009861579508,0.0038913899099145017,I
51000.0,7.395,-0.004808981262973668,0.002973704375000019,0.000964316285218411,0.002973704374999996,-0.004808981262973669,I
51200.0,7.4239999999999995,0.0012977302575593328,-0.0028856562176815684,0.009686448607148507,-0.0028856562176815537,0.001297730257559328,I
51400.0,7.452999999999999,0.005687681454861804,-0.0006604212310794222,0.0015068646963994593,-0.0006604212310794198,0.005687681454861807,I
51600.0,7.481999999999999,0.00475526077593451,-0.0008670336472528645,0.0011074929624077462,-0.0008670336472528533,0.004755260775934505,I
51800.0,7.511000000000001,-0.00115040870975448,0.0012992222666639134,-0.003910375843531461,0.0012992222666639256,-0.001150408709754475,I
52000.0,7.540000000000001,0.008836549856733534,-0.0053915760535707645,0.013681310933071912,-0.005391576053570769,0.008836549856733537,I
52200.0,7.569000000000001,0.0018531482794594606,-0.007424038258909624,0.010009407084362872,-0.007424038258909622,0.0018531482794594595,I
52400.0,7.598000000000001,0.004664718839084359,-0.016215342326610507,0.0112848411547923,-0.01621534232661051,0.004664718839084361,I
52600.0,7.627000000000001,-0.003882036014015711,-0.0007326098356749398,-0.008229166999007281,-0.0007326098356749181,-0.0038820360140157076,I
52800.0,7.656000000000001,0.0004952775412064101,-0.01521304509589667,0.02529774029240653,-0.015213045095896664,0.0004952775412064125,I
53000.0,7.6850000000000005,0.0006221063461139814,-0.02691467395111319,0.023742630418835498,-0.02691467395111319,0.0006221063461139797,I
53200.0,7.714,-0.0035936141049595907,-0.0006942910754157142,-0.010869289232367503,-0.0006942910754156998,-0.003593614104959589,I
53400.0,7.743,-0.0020480427716338128,0.002258310226460738,-0.013514819381365433,0.002258310226460743,-0.0020480427716338106,I
53600.0,7.772,0.004797564119754293,-0.025664445689872927,0.018455576210836912,-0.025664445689872945,0.004797564119754286,I
53800.0,7.801,-0.005812359587923596,0.0037062215434103415,-0.014131006380511799,0.003706221543410334,-0.005812359587923597,I
54000.0,7.83,-0.007452048781733322,-0.0015073776963308218,-0.010981699640726953,-0.0015073776963308158,-0.0074520487817333276,I
54200.0,7.859,-0.00781945031509903,-0.0016576281814576887,-0.014387114999501615,-0.0016576281814576802,-0.007819450315099032,I
54400.0,7.888,-0.005447782269073076,0.0021983327632982518,-0.007556445019189632,0.0021983327632982544,-0.0054477822690730815,I
54600.0,7.917,-0.0063693147581117835,-0.03459778697716792,0.013110366370042318,-0.03459778697716794,-0.006369314758111785,I
54800.0,7.946,-0.006540612655131194,0.000996141716378008,-0.003925482760561516,0.0009961417163780214,-0.006540612655131199,I
55000.0,7.975,-0.006422094642866584,0.0004359905606069573,-0.0027876035099688922,0.00043599056060696095,-0.006422094642866587,I
55200.0,8.004,-0.0032641266532074595,0.005909595672894422,-0.004850512210636876,0.005909595672894429,-0.0032641266532074617,I
55400.0,8.033,-0.0035288994102896484,-0.022757635558913192,0.012811187001729986,-0.022757635558913192,-0.003528899410289644,I
55600.0,8.062,-0.00811234374375191,0.002909397581294945,-0.0005175014134582966,0.002909397581294956,-0.008112343743751917,I
55800.0,8.091,-0.0062006393224740275,0.0008144576365012794,-0.00431534955204126,0.0008144576365012902,-0.0062006393224740336,I
56000.0,8.120000000000001,-0.004343287612288875,0.0012139331103989655,-0.002593836718632723,0.0012139331103989833,-0.004343287612288887,I
56200.0,8.149000000000001,-0.0052884401110040455,-4.457220534736977e-05,-0.01073925998029149,-4.45722053473571e-05,-0.00528844011100404,I
56400.0,8.178,0.0036321219152097503,-0.03239479761304089,0.02182211592661308,-0.03239479761304089,0.003632121915209754,I
56600.0,8.207,-0.0008191817682973762,-0.03864354366423961,0.037397070624384035,-0.03864354366423961,-0.0008191817682973695,I
56800.0,8.236,-0.00746622781201111,-0.0019409425416157485,-0.009889813442202997,-0.0019409425416157353,-0.007466227812011118,I
57000.0,8.265,-0.009429625037427473,-0.00032318553568512297,-0.010488212995941692,-0.0003231855356851192,-0.00942962503742748,I
57200.0,8.294,-0.008262240634128844,0.001079869407448563,-0.007198182285624183,0.0010798694074485725,-0.00826224063412885,I
57400.0,8.323,-0.008922834823110024,0.0003015502002493382,-0.007220902055813351,0.00030155020024934677,-0.008922834823110033,I
57600.0,8.352,-0.0074614047214100615,0.0023354234338497197,-0.006253431843418894,0.002335423433849721,-0.00746140472141007,I
57800.0,8.381,-0.007268448992819762,-0.0007143910624311653,-0.001569263920465438,-0.0007143910624311572,-0.007268448992819772,I
58000.0,8.41,-0.008874209430437402,-0.0013259220656442463,0.0034105077307935573,-0.0013259220656442396,-0.008874209430437414,I
58200.0,8.439,-0.008337680426925934,-0.0017523233675734644,0.005648205462781109,-0.0017523233675734548,-0.008337680426925937,I
58400.0,8.468,-0.003842708415856418,-0.00040343200645723764,0.01052605037952996,-0.0004034320064572337,-0.0038427084158564337,I
58600.0,8.497,-0.004088027977962038,-0.0012469395287451693,0.011057444974244232,-0.0012469395287451521,-0.004088027977962053,I
58800.0,8.526,-0.00381580585946525,0.00010577330197741424,0.015112107698509222,0.00010577330197742723,-0.0038158058594652622,I
59000.0,8.555,-0.0009159188167309047,0.0013154587588670576,0.011811277756569113,0.0013154587588670454,-0.0009159188167309195,I
59200.0,8.584,-0.0002528772096287094,-0.002053203491310836,0.013624664368887103,-0.002053203491310825,-0.0002528772096287157,I
59400.0,8.613,-3.949381028985438e-05,-0.0004900269054810645,0.008737806086405514,-0.0004900269054810535,-3.949381028986162e-05,I
59600.0,8.642,0.00053947626230162,-0.0004898015219166332,0.006515563191276496,-0.000489801521916638,0.0005394762623015965,I
59800.0,8.671,0.0004376060729322583,-0.000341154970366818,0.006013376226739633,-0.00034115497036681916,0.0004376060729322504,I
60000.0,8.7,0.002627199393009781,-0.02909285482427486,0.04405978879522998,-0.02909285482427487,0.0026271993930097803,I
60200.0,8.729000000000001,0.005040060307088405,-0.028414168364666786,0.036121635392829796,-0.02841416836466678,0.005040060307088402,I
60400.0,8.758000000000001,0.005015778231234817,-0.023618276471695242,0.0240831982661998,-0.02361827647169525,0.005015778231234805,I
60600.0,8.787,0.004826407807913053,-0.02579029668876139,0.026695939282212304,-0.025790296688761403,0.004826407807913044,I
60800.0,8.816,0.002834115210390835,-0.021345303278182487,0.031394143628746145,-0.021345303278182497,0.0028341152103908375,I
61000.0,8.845,0.0031022682191798132,-0.018203693422580887,0.0334115026820192,-0.018203693422580887,0.0031022682191798115,I
61200.0,8.874,0.003106599738838752,-0.01498752376022154,0.03347628594353846,-0.01498752376022154,0.0031065997388387548,I
61400.0,8.903,0.003984872119030133,-0.012579388525554965,0.027132633572326918,-0.012579388525554947,0.003984872119030129,I
61600.0,8.932,0.00250992530995674,-0.010798188732901547,0.02034221118525,-0.010798188732901533,0.0025099253099567457,I
61800.0,8.961,-0.0015251025147397666,-0.007097249173991403,0.015424293465692305,-0.0070972491739914045,-0.0015251025147397645,I
62000.0,8.99,-0.0013702196839923662,-0.004576715735121802,0.020943891314730765,-0.004576715735121797,-0.00137021968399237,I
62200.0,9.019,0.0008900160333028878,-0.0020242570541705073,0.015929902138249977,-0.002024257054170506,0.000890016033302887,I
62400.0,9.048,0.0018159434122310962,-0.0008053161362175684,0.010701744298865373,-0.0008053161362175637,0.0018159434122310952,I
62600.0,9.077,0.00017250439180934105,-0.0029139597582543667,0.0033030645066152117,-0.0029139597582543758,0.00017250439180931934,I
62800.0,9.106,0.00017296270852950368,-0.0010684716656958453,0.002197930416048389,-0.0010684716656958518,0.00017296270852948495,I
63000.0,9.135,0.0018414285509198735,-0.0023494456553884674,0.007465307937923069,-0.0023494456553884557,0.0018414285509198837,I
